"priority","readiness","work_type","kind","route_type","entity_id","title","missing_fields","review_requirement"
"P1","ready_for_review","create_or_refresh_detail","new","pharmacy_detail","C1110965","영등포제일큰약국","","operational_data_review"
"P1","ready_for_review","create_or_refresh_detail","new","pharmacy_detail","C1402248","친절한우리약국","","operational_data_review"
"P1","ready_for_review","create_or_refresh_detail","new","pharmacy_detail","C1402249","센텀약국","","operational_data_review"
"P1","ready_for_review","create_or_refresh_detail","new","pharmacy_detail","C1402250","초록약국","","operational_data_review"
"P1","ready_for_review","create_or_refresh_detail","new","pharmacy_detail","C2110503","위례스타약국","","operational_data_review"
"P1","ready_for_review","create_or_refresh_detail","new","pharmacy_detail","C2110504","이편한365약국","","operational_data_review"
"P1","ready_for_review","create_or_refresh_detail","new","pharmacy_detail","C2110505","진산한약국","","operational_data_review"
"P1","ready_for_review","create_or_refresh_detail","new","pharmacy_detail","C2110506","미소약국","","operational_data_review"
"P1","ready_for_review","create_or_refresh_detail","new","pharmacy_detail","C2110508","메가팜프라자약국","","operational_data_review"
"P2","ready_for_review","refresh_existing_detail","changed","pharmacy_detail","C1200563","한빛메디칼약국","","operational_data_review"
"P2","ready_for_review","refresh_existing_detail","changed","pharmacy_detail","C1200628","지리산약국","","operational_data_review"
"P2","ready_for_review","refresh_existing_detail","changed","pharmacy_detail","C1200998","경화약국","","operational_data_review"
"P2","ready_for_review","refresh_existing_detail","changed","pharmacy_detail","C1300440","팜프라자약국","","operational_data_review"
"P2","ready_for_review","refresh_existing_detail","changed","pharmacy_detail","C1400320","보원약국","","operational_data_review"
"P2","ready_for_review","refresh_existing_detail","changed","pharmacy_detail","C1400754","메디탑약국","","operational_data_review"
"P2","ready_for_review","refresh_existing_detail","changed","pharmacy_detail","C1402006","계산제일약국","","operational_data_review"
"P2","ready_for_review","refresh_existing_detail","changed","pharmacy_detail","C1500636","온누리요셉약국","","operational_data_review"
"P2","ready_for_review","refresh_existing_detail","changed","pharmacy_detail","C1501120","봄봄약국","","operational_data_review"
"P2","ready_for_review","refresh_existing_detail","changed","pharmacy_detail","C2104291","서약국","","operational_data_review"
"P2","ready_for_review","refresh_existing_detail","changed","pharmacy_detail","C2107368","늘봄약국","","operational_data_review"
"P2","ready_for_review","refresh_existing_detail","changed","pharmacy_detail","C2107931","풍경채현담약국","","operational_data_review"
"P2","ready_for_review","refresh_existing_detail","changed","pharmacy_detail","C2109695","분당대학약국","","operational_data_review"
"P2","ready_for_review","review_existing_wiki","changed","wiki_medicine","050f6a57-04b4-44b3-bb16-a851ba250e89","페인엔젤레이디연질캡슐","","medical_source_and_type_review"
"P2","ready_for_review","review_existing_wiki","changed","wiki_medicine","077d4945-2510-4a37-ad0c-705b8f5e2d29","수프리정","","medical_source_and_type_review"
"P2","ready_for_review","review_existing_wiki","changed","wiki_medicine","0e458d80-3c1a-4f41-9bc3-1e9465c7473f","테라콜드연질캡슐","","medical_source_and_type_review"
"P2","ready_for_review","review_existing_wiki","changed","wiki_medicine","15a44723-b0d0-4850-a1a5-bc6151975f66","테라록센연질캡슐(나프록센)","","medical_source_and_type_review"
"P2","ready_for_review","review_existing_wiki","changed","wiki_medicine","190e97e8-925d-4ceb-a3d1-05a7f2f06ace","리드콜연질캡슐","","medical_source_and_type_review"
"P2","ready_for_review","review_existing_wiki","changed","wiki_medicine","1affabc4-2bd6-4ec4-af2c-7d7d20b5f53e","모아노즈연질캡슐","","medical_source_and_type_review"
"P2","ready_for_review","review_existing_wiki","changed","wiki_medicine","1dc7c80b-48f2-46b6-b29d-8e79ad1d9a78","아카펜정","","medical_source_and_type_review"
"P2","ready_for_review","review_existing_wiki","changed","wiki_medicine","2bffd753-fca6-4dcf-8d2d-515c17f24457","편해정","","medical_source_and_type_review"
"P2","ready_for_review","review_existing_wiki","changed","wiki_medicine","2ee85b2d-58b7-47eb-9229-bfacd7df4b21","아나리바정","","medical_source_and_type_review"
"P2","ready_for_review","review_existing_wiki","changed","wiki_medicine","32afdada-a094-431e-810a-cbdaa3b972eb","스피콜드연질캡슐","","medical_source_and_type_review"
"P2","ready_for_review","review_existing_wiki","changed","wiki_medicine","376f0125-3123-43b8-9eb5-29543737b453","큐센400이부프로펜연질캡슐","","medical_source_and_type_review"
"P2","ready_for_review","review_existing_wiki","changed","wiki_medicine","40824359-cd2c-40b6-b641-18615cf1a5f0","미가펜이브연질캡슐","","medical_source_and_type_review"
"P2","ready_for_review","review_existing_wiki","changed","wiki_medicine","408fdc33-92b0-4800-b102-91ca356356c6","알카파워정","","medical_source_and_type_review"
"P2","ready_for_review","review_existing_wiki","changed","wiki_medicine","47bdf5ed-84a6-41fc-9b6e-6d5f1052b10b","캐롤키즈콜드시럽","","medical_source_and_type_review"
"P2","ready_for_review","review_existing_wiki","changed","wiki_medicine","5276b5d4-5ea9-429e-8cac-8e10f352d555","에페린플러스정","","medical_source_and_type_review"
"P2","ready_for_review","review_existing_wiki","changed","wiki_medicine","569dca1c-1c34-4564-b4f7-1f488fa2b909","에스빌이부연질캡슐200밀리그램(이부프로펜)","","medical_source_and_type_review"
"P2","ready_for_review","review_existing_wiki","changed","wiki_medicine","5a69a92f-7723-4bcf-bfb5-0158ca8babfd","이지목플러스씨캡슐","","medical_source_and_type_review"
"P2","ready_for_review","review_existing_wiki","changed","wiki_medicine","5e607732-b384-4dee-89dc-4620d157d686","게보린소프트연질캡슐","","medical_source_and_type_review"
"P2","ready_for_review","review_existing_wiki","changed","wiki_medicine","5f08679b-b681-4e6d-a03b-db5acb0b034d","나스펜연질캡슐(아세트아미노펜)","","medical_source_and_type_review"
"P2","ready_for_review","review_existing_wiki","changed","wiki_medicine","61f694ff-c867-4e92-ba19-06a2c5144360","크린탈정(아세트아미노펜)","","medical_source_and_type_review"
"P2","ready_for_review","review_existing_wiki","changed","wiki_medicine","6ab5bf87-2ada-470c-87f1-53aeb5c6bcee","기감탕노즈액","","medical_source_and_type_review"
"P2","ready_for_review","review_existing_wiki","changed","wiki_medicine","70168a5d-6160-4dcc-b158-c1d7ee6186b1","캐치콜에스연질캡슐","","medical_source_and_type_review"
"P2","ready_for_review","review_existing_wiki","changed","wiki_medicine","84bebe16-6e20-4175-aabc-06e74cc0bab8","세타펜8시간이알서방정650밀리그램(아세트아미노펜)","","medical_source_and_type_review"
"P2","ready_for_review","review_existing_wiki","changed","wiki_medicine","871bf5a2-4696-481e-b254-a834cbca0bdd","모아콜연질캡슐","","medical_source_and_type_review"
"P2","ready_for_review","review_existing_wiki","changed","wiki_medicine","87811d68-675a-4095-8ecb-c0ec94846c50","명랑에스산","","medical_source_and_type_review"
"P2","ready_for_review","review_existing_wiki","changed","wiki_medicine","882f70d3-322a-4dc4-9e50-f48375c89bb3","덱스피드연질캡슐(덱시부프로펜)","","medical_source_and_type_review"
"P2","ready_for_review","review_existing_wiki","changed","wiki_medicine","8e7d1be7-7e1e-40fb-87d8-263f3d675ed8","화콜키즈콜드시럽","","medical_source_and_type_review"
"P2","ready_for_review","review_existing_wiki","changed","wiki_medicine","9768c3bd-4b74-464f-8941-84e89bbe2bfd","팜페인프로연질캡슐(덱시부프로펜)","","medical_source_and_type_review"
"P2","ready_for_review","review_existing_wiki","changed","wiki_medicine","9f7201b8-882d-42af-bcd8-029fb2c80f7b","솔루아펜연질캡슐(아세트아미노펜)","","medical_source_and_type_review"
"P2","ready_for_review","review_existing_wiki","changed","wiki_medicine","a06335f8-13c9-4077-8596-9f5d0104b2ac","콜대원콜드시럽","","medical_source_and_type_review"
"P2","ready_for_review","review_existing_wiki","changed","wiki_medicine","a0967da2-e301-40d8-aa59-1fe21cb58cbe","광동탕엠액","","medical_source_and_type_review"
"P2","ready_for_review","review_existing_wiki","changed","wiki_medicine","a478b09e-c496-4be6-a2ef-fa595b21e58e","콜그린에이캡슐","","medical_source_and_type_review"
"P2","ready_for_review","review_existing_wiki","changed","wiki_medicine","abdaa852-f0eb-4231-8c77-36ed74121b7e","탁센엠지연질캡슐","","medical_source_and_type_review"
"P2","ready_for_review","review_existing_wiki","changed","wiki_medicine","b126ef51-8fd7-4ecc-a858-9fb5f1aeadc8","코트리나캡슐","","medical_source_and_type_review"
"P2","ready_for_review","review_existing_wiki","changed","wiki_medicine","b8102e96-40f0-4f6d-a14d-baa57748d599","이부플러스생정","","medical_source_and_type_review"
"P2","ready_for_review","review_existing_wiki","changed","wiki_medicine","c2fa2c03-ee69-4662-8a3b-72e5719acf2c","하벤-키즈시럽","","medical_source_and_type_review"
"P2","ready_for_review","review_existing_wiki","changed","wiki_medicine","c524524b-0f40-4b8c-91ee-35dda2eb9a7b","엑쎈코프에스연질캡슐","","medical_source_and_type_review"
"P2","ready_for_review","review_existing_wiki","changed","wiki_medicine","c86d9b50-0df3-4bb3-b9f0-b4483c01c0e6","뿌레콜에프캡슐","","medical_source_and_type_review"
"P2","ready_for_review","review_existing_wiki","changed","wiki_medicine","c969229c-0766-462b-b29e-c1f4f2a7f9fd","독립덱시부펜시럽(덱시부프로펜)","","medical_source_and_type_review"
"P2","ready_for_review","review_existing_wiki","changed","wiki_medicine","cb91db82-5d13-4d29-9155-dfd1c8f73605","코애드정","","medical_source_and_type_review"
"P2","ready_for_review","review_existing_wiki","changed","wiki_medicine","cc3a5468-7235-4b2b-8a5c-133954d66f7d","콤비올에이정","","medical_source_and_type_review"
"P2","ready_for_review","review_existing_wiki","changed","wiki_medicine","d7e882e8-267b-430a-b0a8-33e5f5da5402","바로콜-에프캡슐","","medical_source_and_type_review"
"P2","ready_for_review","review_existing_wiki","changed","wiki_medicine","da36886f-062f-4d8c-a3f2-1de873117b54","그린콜연질캡슐","","medical_source_and_type_review"
"P2","ready_for_review","review_existing_wiki","changed","wiki_medicine","dc02656c-7319-451d-bd7d-0ed8f02ce410","멘자펜정","","medical_source_and_type_review"
"P2","ready_for_review","review_existing_wiki","changed","wiki_medicine","de74a81b-8b6d-49e5-a45b-6390ecb53450","아웃콜코정","","medical_source_and_type_review"
"P2","ready_for_review","review_existing_wiki","changed","wiki_medicine","dff4bef9-a05b-4bc5-996e-cc64a1f40dcf","졸리민정","","medical_source_and_type_review"
"P2","ready_for_review","review_existing_wiki","changed","wiki_medicine","e0e897fd-a599-4ce9-b2e8-4848a1fa23fb","아세트엠8시간이알서방정650밀리그램(아세트아미노펜)","","medical_source_and_type_review"
"P2","ready_for_review","review_existing_wiki","changed","wiki_medicine","e5e3c758-6fa1-45b4-b871-d05cc9a84045","욱씬정","","medical_source_and_type_review"
"P2","ready_for_review","review_existing_wiki","changed","wiki_medicine","f14e59b4-d8cb-45ef-8f1e-7ac18e1da091","마하펜연질캡슐(아세트아미노펜)","","medical_source_and_type_review"
"P2","ready_for_review","review_existing_wiki","changed","wiki_medicine","f5f9808b-9c80-4a18-8581-962d7d7b93c3","덱시푸루펜연질캡슐(덱시부프로펜)","","medical_source_and_type_review"
"P2","ready_for_review","review_existing_wiki","changed","wiki_medicine","f64d2daa-e8f4-49a7-bb2a-906f549b4ad8","브렌콜에프연질캡슐","","medical_source_and_type_review"
"P2","ready_for_review","review_existing_wiki","changed","wiki_medicine","f829e23f-8f6a-48b4-8831-de659dd7362e","쌍패원에스액","","medical_source_and_type_review"
"P2","ready_for_review","review_existing_wiki","changed","wiki_medicine","f8896fd6-7a10-4d89-a536-4db6a2c52b90","파인큐이부펜시럽(이부프로펜)","","medical_source_and_type_review"
"P2","ready_for_review","review_existing_wiki","changed","wiki_medicine","fb90cb44-d432-463c-bb1d-5409a158d1d4","클린파워연질캡슐","","medical_source_and_type_review"
"P2","ready_for_review","review_existing_wiki","changed","wiki_medicine","fd6de835-c587-4b07-b013-6e7849ca1600","덱브펜정300밀리그램(덱시부프로펜)","","medical_source_and_type_review"
"P2","ready_for_review","review_existing_wiki","changed","wiki_supplement","5d05afc9-3872-41d5-b8e8-df3894135a69","엔바이탈 면역엔 알로에","","medical_source_and_type_review"
"P2","ready_for_review","review_existing_wiki","changed","wiki_supplement","5d214ec6-dbd2-4ba8-9ca3-d6fcf9027d41","엔젤 카테킨","","medical_source_and_type_review"
"P2","ready_for_review","review_existing_wiki","changed","wiki_supplement","5d7aec31-0fb7-4b1b-9cce-50734a7dbe50","好護호호관절 터마신","","medical_source_and_type_review"
"P2","ready_for_review","review_existing_wiki","changed","wiki_supplement","5d7db9c3-ede3-4a59-9c0d-38056c21bbee","혈행개선엔 나토키나제 프리미엄","","medical_source_and_type_review"
"P2","ready_for_review","review_existing_wiki","changed","wiki_supplement","5d9f2662-61b4-4da9-bd19-3f96a3238762","트라이미 아이즈","","medical_source_and_type_review"
"P2","ready_for_review","review_existing_wiki","changed","wiki_supplement","5d9f4773-266e-4fad-a4ee-c46553ccbd06","황제의선택 하루홍삼스틱","","medical_source_and_type_review"
"HOLD","source_fields_required","fill_source_fields","changed","wiki_medicine","10ca3e11-36a6-42e2-848b-a82a651a686c","올편제에스정","warning","medical_source_and_type_review"
"HOLD","source_fields_required","fill_source_fields","changed","wiki_medicine","140caaf5-d755-4ec9-9e71-559ddf44b090","세리펙에스정","warning","medical_source_and_type_review"
"HOLD","source_fields_required","fill_source_fields","changed","wiki_medicine","143dd879-2cee-44f5-97c8-17322b3e9313","캐롤키즈에이시럽(아세트아미노펜)","warning","medical_source_and_type_review"
"HOLD","source_fields_required","fill_source_fields","changed","wiki_medicine","154b34b9-b245-420d-bc1d-4990bd2cd8b2","팜페인이부연질캡슐(이부프로펜)","warning","medical_source_and_type_review"
"HOLD","source_fields_required","fill_source_fields","changed","wiki_medicine","29d59e35-cff4-4c3a-8819-7d641c346481","보령바이오아스피린장용정100밀리그램","warning","medical_source_and_type_review"
"HOLD","source_fields_required","fill_source_fields","changed","wiki_medicine","3271209c-e5a1-4f7d-80aa-76b35ab4e616","베루본에스정","warning","medical_source_and_type_review"
"HOLD","source_fields_required","fill_source_fields","changed","wiki_medicine","350c343f-170b-41e5-b532-e19a607a326a","애드빌정(이부프로펜)","warning","medical_source_and_type_review"
"HOLD","source_fields_required","fill_source_fields","changed","wiki_medicine","39f3d952-6977-48e0-8ce2-28d5c3f0e43b","타렌스탑캡슐","warning","medical_source_and_type_review"
"HOLD","source_fields_required","fill_source_fields","changed","wiki_medicine","3a199a65-2662-4f70-be90-9790371076d8","투스테인캡슐(아세틸시스테인)","warning","medical_source_and_type_review"
"HOLD","source_fields_required","fill_source_fields","changed","wiki_medicine","3cc0aa0a-7524-4ed1-9db4-0f006c13c9a9","유한아세트아미노펜연질캡슐","warning","medical_source_and_type_review"
"HOLD","source_fields_required","fill_source_fields","changed","wiki_medicine","3f8cca40-ef5f-4e12-9645-9a5b6273aeca","일양라라포션액(L-아스파르트산-L-아르기닌수화물)","warning","medical_source_and_type_review"
"HOLD","source_fields_required","fill_source_fields","changed","wiki_medicine","5e3ab6f7-6e8b-4958-8230-860fa152795d","티테인캡슐(아세틸시스테인)","warning","medical_source_and_type_review"
"HOLD","source_fields_required","fill_source_fields","changed","wiki_medicine","5e498c75-eb3b-44a6-bf17-f03ae682d4a7","경남티어앤톡점안액(트레할로스수화물)(1회용)","warning","medical_source_and_type_review"
"HOLD","source_fields_required","fill_source_fields","changed","wiki_medicine","66464911-4bae-4e74-a3c3-ad7acdaa6895","엑세라민프로정","warning","medical_source_and_type_review"
"HOLD","source_fields_required","fill_source_fields","changed","wiki_medicine","803cd721-3db7-4032-b33a-28d8bc57cd3e","베아틴정","warning","medical_source_and_type_review"
"HOLD","source_fields_required","fill_source_fields","changed","wiki_medicine","80e14199-135c-447d-938e-a767cb9f62d6","속편아제정","warning","medical_source_and_type_review"
"HOLD","source_fields_required","fill_source_fields","changed","wiki_medicine","92193ef1-682d-45f3-8a65-8b160e0a7687","하이카디정","warning","medical_source_and_type_review"
"HOLD","source_fields_required","fill_source_fields","changed","wiki_medicine","993ce24d-c27c-417f-a82f-2daa292c7c93","그린클로르헥시딘크림(클로르헥시딘글루콘산염액)","warning","medical_source_and_type_review"
"HOLD","source_fields_required","fill_source_fields","changed","wiki_medicine","99741642-d251-461c-89dc-8f17a559db49","소부날에이정","warning","medical_source_and_type_review"
"HOLD","source_fields_required","fill_source_fields","changed","wiki_medicine","afb3aeac-639f-4016-98e0-3574f62efafb","엔테인캡슐(아세틸시스테인)","warning","medical_source_and_type_review"
"HOLD","source_fields_required","fill_source_fields","changed","wiki_medicine","b21a4cff-9ce1-407a-b22e-35d284e7c158","리치칼비정","warning","medical_source_and_type_review"
"HOLD","source_fields_required","fill_source_fields","changed","wiki_medicine","ccc8e007-8f0c-4baf-80b1-cfd67647d718","알파아세트아미노펜정500밀리그람","warning","medical_source_and_type_review"
"HOLD","source_fields_required","fill_source_fields","changed","wiki_medicine","cd94646a-f17c-44d7-b42d-497052bac362","아이엔점안액(순), 아이엔점안액(쿨), 아이엔점안액(쿨하이)","warning","medical_source_and_type_review"
"HOLD","source_fields_required","fill_source_fields","changed","wiki_medicine","cd949bc7-7e2e-481f-8855-ef2df369a86c","듀오케어액","warning","medical_source_and_type_review"
"HOLD","source_fields_required","fill_source_fields","changed","wiki_medicine","e4d72951-bb9d-4e9a-b74b-f4b42d4537df","삼성아스피린장용정100밀리그램","warning","medical_source_and_type_review"
"HOLD","source_fields_required","fill_source_fields","changed","wiki_medicine","f633071d-e1fd-4732-9e9e-fd3f0a075417","쌍비원에프액","warning","medical_source_and_type_review"
"HOLD","source_fields_required","fill_source_fields","new","wiki_supplement","02207ba6-fa9b-4e9d-b95f-ac0d426a563e","어썸 알래스카 오메가3 MAX 1100","nutrition|summary","medical_source_and_type_review"
"HOLD","source_fields_required","fill_source_fields","new","wiki_supplement","0848c860-0f63-4366-97d3-f0d32970e00c","모델아이","nutrition|summary","medical_source_and_type_review"
"HOLD","source_fields_required","fill_source_fields","changed","wiki_supplement","0a79155c-4f63-4e6f-ab51-7d1e98ec1a3e","아모아 골든 투명 rTG 오메가3 1000","nutrition|summary","medical_source_and_type_review"
"HOLD","source_fields_required","fill_source_fields","new","wiki_supplement","0b75875a-a6fd-4dd6-9d21-a56acbcc95f5","엠에스엠 MSM","nutrition|summary","medical_source_and_type_review"
"HOLD","source_fields_required","fill_source_fields","new","wiki_supplement","0d07e5f5-8a67-4702-9990-82832bcfe92b","관절N365","nutrition|summary","medical_source_and_type_review"
"HOLD","source_fields_required","fill_source_fields","new","wiki_supplement","0e997bab-f0b7-4e07-a9bd-dbe8c92d641a","대원헬스 밀크씨슬+","nutrition|summary","medical_source_and_type_review"
"HOLD","source_fields_required","fill_source_fields","new","wiki_supplement","11733c2e-b0bb-49a6-816c-3e31d75813eb","MH 칼마디","nutrition|summary","medical_source_and_type_review"
"HOLD","source_fields_required","fill_source_fields","new","wiki_supplement","12f3997b-6886-49ee-817a-76b52e6c5d46","맥스컷 프로 코어 D","nutrition|summary","medical_source_and_type_review"
"HOLD","source_fields_required","fill_source_fields","new","wiki_supplement","13f13f1e-604a-468c-a1fc-0ab12bd658d6","파워리포좀칼마디&비타민K2","nutrition|summary","medical_source_and_type_review"
"HOLD","source_fields_required","fill_source_fields","new","wiki_supplement","1ab4d6fd-326d-44e4-8272-9462cf9e3152","폴리정","nutrition|summary","medical_source_and_type_review"
"HOLD","source_fields_required","fill_source_fields","new","wiki_supplement","1bd04c6c-bd1b-4fa2-91ef-aefbf60c838e","헬시부트 올데이샷 프로","nutrition|summary","medical_source_and_type_review"
"HOLD","source_fields_required","fill_source_fields","new","wiki_supplement","243a9265-e4e1-4ee1-beeb-fce8179104af","영웅제약 장건강 철벽방어","nutrition|summary","medical_source_and_type_review"
"HOLD","source_fields_required","fill_source_fields","new","wiki_supplement","253e45be-545d-4fb7-83c5-212198714033","트루엔 알티지 오메가3","nutrition|summary","medical_source_and_type_review"
"HOLD","source_fields_required","fill_source_fields","changed","wiki_supplement","284493c1-a46d-453e-97ff-b59298c1bd7c","이뮨 코어","nutrition|summary","medical_source_and_type_review"
"HOLD","source_fields_required","fill_source_fields","new","wiki_supplement","29211798-4d9f-4583-a646-f3582c25c14e","마그네슘 비타민 영양제","nutrition|summary","medical_source_and_type_review"
"HOLD","source_fields_required","fill_source_fields","new","wiki_supplement","29b4a9d8-7738-45b3-a405-cb714448541a","3X 프로바이오틱스 D 베이비드롭","nutrition|summary","medical_source_and_type_review"
"HOLD","source_fields_required","fill_source_fields","new","wiki_supplement","2d56a24b-56ef-40a6-8c9f-66c7df87a29d","바이오리브 100억 유산균","nutrition|summary","medical_source_and_type_review"
"HOLD","source_fields_required","fill_source_fields","new","wiki_supplement","2f657cfe-f013-4cd6-aea5-61f291c981da","피엠시톨","nutrition|summary","medical_source_and_type_review"
"HOLD","source_fields_required","fill_source_fields","new","wiki_supplement","301a5453-b90b-4194-9b6f-e25ec0a0328b","100세 관절 MSM","nutrition|summary","medical_source_and_type_review"
"HOLD","source_fields_required","fill_source_fields","new","wiki_supplement","35507e49-6c69-40a0-936d-7340606e965f","네추럴라이즈 루테인 지아잔틴 아스타잔틴 20:6","nutrition|summary","medical_source_and_type_review"
"HOLD","source_fields_required","fill_source_fields","new","wiki_supplement","3ab7bf84-e277-47bd-8940-467c6ff4ef3b","식물성 듀얼 초임계 알티지 오메가3","nutrition|summary","medical_source_and_type_review"
"HOLD","source_fields_required","fill_source_fields","new","wiki_supplement","3b7117ff-430b-409a-9734-622d1d396910","1000mg360/240TGbovinesoftgel(전량수출용)","nutrition|summary","medical_source_and_type_review"
"HOLD","source_fields_required","fill_source_fields","new","wiki_supplement","3cdbb4f1-04a8-4dfb-83a9-03812524a974","리버투씨슬 플러스 비","nutrition|summary","medical_source_and_type_review"
"HOLD","source_fields_required","fill_source_fields","new","wiki_supplement","45b984d7-ef9e-42a4-9523-c9a0a4818c83","다이클로 MSM 2000","nutrition|summary","medical_source_and_type_review"
"HOLD","source_fields_required","fill_source_fields","new","wiki_supplement","472a3f8c-a20b-45b6-8261-eb0e02b8f3b1","1210mg360/240TGbovinesoftgel(전량수출용)","nutrition|summary","medical_source_and_type_review"
"HOLD","source_fields_required","fill_source_fields","new","wiki_supplement","4c50008e-7e29-4274-a654-aeeb45b6602a","홍삼농축액 12.8mg (AP)","nutrition|summary","medical_source_and_type_review"
"HOLD","source_fields_required","fill_source_fields","new","wiki_supplement","4e69dd13-0f09-4e80-858a-771991839da9","여에스더 비타민D 3000IU Daily","nutrition|summary","medical_source_and_type_review"
"HOLD","source_fields_required","fill_source_fields","changed","wiki_supplement","507e7480-94d7-479f-b37a-6a57d82af415","고려태극인삼분말캅셀","nutrition","medical_source_and_type_review"
"HOLD","source_fields_required","fill_source_fields","new","wiki_supplement","537661ec-5e70-40c0-8db0-59713ab473cb","락티스유산균-3000","nutrition|summary","medical_source_and_type_review"
"HOLD","source_fields_required","fill_source_fields","new","wiki_supplement","55300c09-6ac2-471a-b61f-833e47891e55","바이오리브 100억 유산균 플러스 이뮨","nutrition|summary","medical_source_and_type_review"
"HOLD","source_fields_required","fill_source_fields","new","wiki_supplement","56ccacb7-b707-4499-920f-f4b1f912df99","테이스티 루테인 베타카로틴 아이케어","nutrition|summary","medical_source_and_type_review"
"HOLD","source_fields_required","fill_source_fields","new","wiki_supplement","5705f15d-acf8-4faf-9ed6-699691d5d06f","조인트 365","nutrition|summary","medical_source_and_type_review"
"HOLD","source_fields_required","fill_source_fields","new","wiki_supplement","574e3021-d0f1-4665-8c4f-fda3922412aa","마그쉐이프 마그네슘 다이렉트 200","nutrition|summary","medical_source_and_type_review"
"HOLD","source_fields_required","fill_source_fields","changed","wiki_supplement","5750d6c1-2f4b-4a95-a8b5-86b8ccae1f20","눈건강엔 프리미엄 비타민A","nutrition","medical_source_and_type_review"
"HOLD","source_fields_required","fill_source_fields","changed","wiki_supplement","5a19b360-f7d1-4f43-87a9-dd478faf7c1e","멀티비타민&미네랄","nutrition|summary","medical_source_and_type_review"
"HOLD","source_fields_required","fill_source_fields","new","wiki_supplement","5a960b2a-6c35-4f2c-97e3-52ba4cee6e02","알티지오메가3+","nutrition|summary","medical_source_and_type_review"
"HOLD","source_fields_required","fill_source_fields","new","wiki_supplement","5d642357-4853-4213-aa43-08208c42fbaa","홍삼 100% 스틱","nutrition|summary","medical_source_and_type_review"
"HOLD","source_fields_required","fill_source_fields","new","wiki_supplement","5e51efea-7cdf-4b7a-b69a-2ea4fbf74003","제넥스힐 콜레스테롤 케어","nutrition|summary","medical_source_and_type_review"
"HOLD","source_fields_required","fill_source_fields","new","wiki_supplement","5e776707-ed05-43e8-b478-39c7b732e391","니코틴산아미드 550","nutrition|summary","medical_source_and_type_review"
"HOLD","source_fields_required","fill_source_fields","new","wiki_supplement","67b89ed4-6ebf-4b58-a18d-cb002efeff86","프리미엄 프로바이오틱스 19 (Premium Probiotics 19)","nutrition|summary","medical_source_and_type_review"
"HOLD","source_fields_required","fill_source_fields","new","wiki_supplement","71e9fd4c-a17e-43b1-bc74-475f69d4b9b3","네이처온 비타민D 2000IU","nutrition|summary","medical_source_and_type_review"
"HOLD","source_fields_required","fill_source_fields","new","wiki_supplement","739780a2-b153-4a90-b773-a501a0858ad7","리얼그램 감마리놀렌산 우먼 밸런스","nutrition|summary","medical_source_and_type_review"
"HOLD","source_fields_required","fill_source_fields","new","wiki_supplement","74c732c5-0d76-4c6b-8383-79110d8af3fe","Aloe Vera Gel(전량수출용)","nutrition|summary","medical_source_and_type_review"
"HOLD","source_fields_required","fill_source_fields","new","wiki_supplement","760afa4c-ae32-48b1-bac7-2630999559fc","화인 솔루션 프리미엄 골드","nutrition|summary","medical_source_and_type_review"
"HOLD","source_fields_required","fill_source_fields","new","wiki_supplement","766cd8dc-58de-447b-8185-297e21ed0b14","매일습관 프리바이오틱스","nutrition|summary","medical_source_and_type_review"
"HOLD","source_fields_required","fill_source_fields","new","wiki_supplement","78a8ff94-1ede-40a0-95d4-59d33eff486a","메타비톨","nutrition|summary","medical_source_and_type_review"
"HOLD","source_fields_required","fill_source_fields","new","wiki_supplement","79e92698-4f07-4d0e-84f2-6071adb536bf","겟잇뉴트리 리얼 프리바이오틱스 4000","nutrition|summary","medical_source_and_type_review"
"HOLD","source_fields_required","fill_source_fields","new","wiki_supplement","7c086e49-0bb7-470b-a691-de4905ccafe4","포베라 베이비&키즈 칼슘 마그네슘","nutrition|summary","medical_source_and_type_review"
"HOLD","source_fields_required","fill_source_fields","changed","wiki_supplement","7df2b955-30b8-4aee-9a8e-a69640fa67fd","대원헬스 활력샷","nutrition","medical_source_and_type_review"
"HOLD","source_fields_required","fill_source_fields","new","wiki_supplement","8009b9ae-d8c7-49f7-8607-143c9c595330","순수 젖산 마그네슘 125","nutrition|summary","medical_source_and_type_review"
"HOLD","source_fields_required","fill_source_fields","new","wiki_supplement","828d190f-31b3-4606-9302-ea0b65ae8c18","혈당케어 바나바잎 코로솔산 플러스","nutrition|summary","medical_source_and_type_review"
"HOLD","source_fields_required","fill_source_fields","new","wiki_supplement","88a63f4c-5b1d-41a1-9793-c38ec77f5491","슬림플래닛 키토산 팻아웃","nutrition|summary","medical_source_and_type_review"
"HOLD","source_fields_required","fill_source_fields","new","wiki_supplement","8e444ddc-f051-4897-821e-01337416f356","모먼튼 패밀리 루테인 眼 안","nutrition|summary","medical_source_and_type_review"
"HOLD","source_fields_required","fill_source_fields","changed","wiki_supplement","919d7e6a-7af7-4653-ad70-e2386cf40244","PREMIUM NMN 57000(전량수출용)","nutrition|summary","medical_source_and_type_review"
"HOLD","source_fields_required","fill_source_fields","new","wiki_supplement","9e12c80e-c61b-440c-97e4-cd613cb17a05","황금 쾌변엔 차전자피 식이섬유 환","nutrition|summary","medical_source_and_type_review"
"HOLD","source_fields_required","fill_source_fields","new","wiki_supplement","9efea20c-25cc-44ab-87f5-b6f90b0d9e4a","데일리 멀티비타민&미네랄","nutrition|summary","medical_source_and_type_review"
"HOLD","source_fields_required","fill_source_fields","new","wiki_supplement","a0917a74-3c0b-4dbc-9ef7-cabd7a18db88","루지아 눈건강 캡슐","nutrition|summary","medical_source_and_type_review"
"HOLD","source_fields_required","fill_source_fields","new","wiki_supplement","ab5a9d3d-9f52-4569-8854-704877918145","바이오리브 킬팻 다이어트 유산균","nutrition|summary","medical_source_and_type_review"
"HOLD","source_fields_required","fill_source_fields","new","wiki_supplement","afaf828d-70dc-4b1f-b979-76157551c1fe","연세 MSM 프리미엄 관절케어","nutrition|summary","medical_source_and_type_review"
"HOLD","source_fields_required","fill_source_fields","new","wiki_supplement","b2d24ba3-359d-4d99-8b2f-123ec9fba459","프리미엄프리바이오틱스 FOS 4000","nutrition|summary","medical_source_and_type_review"
"HOLD","source_fields_required","fill_source_fields","new","wiki_supplement","b2fdeb66-8fc9-437b-93a3-5acb26cf4d94","보령 프리바이오틱스 프로바이오틱스","nutrition|summary","medical_source_and_type_review"
"HOLD","source_fields_required","fill_source_fields","new","wiki_supplement","b450c831-dfc0-48e2-932e-072eac99f967","코엔자임Q10 코큐텐 맥스","nutrition|summary","medical_source_and_type_review"
"HOLD","source_fields_required","fill_source_fields","new","wiki_supplement","b78e7f9e-2469-4726-8455-9513b1dcb2e1","멜라 바이옴 스윗드림(전량수출용)","nutrition|summary","medical_source_and_type_review"
"HOLD","source_fields_required","fill_source_fields","new","wiki_supplement","b92807fc-41a5-43a7-afff-4fa151f479fb","홍국 모나콜린 K8","nutrition|summary","medical_source_and_type_review"
"HOLD","source_fields_required","fill_source_fields","new","wiki_supplement","bfe71ef4-23d8-4061-86ca-c25b5b8c8a7c","야쿠르트 프로바이오틱스","nutrition|summary","medical_source_and_type_review"
"HOLD","source_fields_required","fill_source_fields","new","wiki_supplement","c10a2aa6-1b63-4f5b-9662-dafdf72d3d24","Samsung VITAMIN D3 + K2 (전량수출용)","nutrition|summary","medical_source_and_type_review"
"HOLD","source_fields_required","fill_source_fields","new","wiki_supplement","c23c710b-786e-4c04-a470-a2ed5ca3d2f5","바이오리브 면역 유산균","nutrition|summary","medical_source_and_type_review"
"HOLD","source_fields_required","fill_source_fields","new","wiki_supplement","c3592954-486a-4db4-8ce7-d2549169c538","위타민 알래스카 오메가3","nutrition|summary","medical_source_and_type_review"
"HOLD","source_fields_required","fill_source_fields","new","wiki_supplement","c5f5ffba-2e53-427d-b1ed-71ae4c45009e","비타민C","nutrition|summary","medical_source_and_type_review"
"HOLD","source_fields_required","fill_source_fields","new","wiki_supplement","ca2b1c5c-54dc-47c3-be9d-2d8031c786cb","비피도박테리움 락티스 KBL3183 3,000억","nutrition|summary","medical_source_and_type_review"
"HOLD","source_fields_required","fill_source_fields","new","wiki_supplement","cc8c0793-1df2-4369-99c7-4c82676e5043","SAMSUNG MAGNESIUM DIRECT 400mg (전량수출용)","nutrition|summary","medical_source_and_type_review"
"HOLD","source_fields_required","fill_source_fields","new","wiki_supplement","d0c62c77-47eb-44e9-9452-757e7a402012","날마다관절마디케어","nutrition|summary","medical_source_and_type_review"
"HOLD","source_fields_required","fill_source_fields","new","wiki_supplement","d227aa96-af1a-48c6-b83d-cff1ffddb2af","파워데일리푸시샷","nutrition|summary","medical_source_and_type_review"
"HOLD","source_fields_required","fill_source_fields","new","wiki_supplement","d37cb71a-c862-4efb-8221-7d3c5bb64c66","아스타루지3X","nutrition|summary","medical_source_and_type_review"
"HOLD","source_fields_required","fill_source_fields","changed","wiki_supplement","d69765e7-5094-44d7-9bd7-1c24cef7890b","밸런스 파인(FINE) 프리미엄","nutrition","medical_source_and_type_review"
"HOLD","source_fields_required","fill_source_fields","new","wiki_supplement","dc8992cc-c169-4c28-8ea5-0d92e9ef3083","코엘 펩타이드","nutrition|summary","medical_source_and_type_review"
"HOLD","source_fields_required","fill_source_fields","changed","wiki_supplement","e76e24fb-f33c-4292-a6aa-7902d2f278a9","락피도 비타민 C 츄어블 키즈","nutrition","medical_source_and_type_review"
"HOLD","source_fields_required","fill_source_fields","changed","wiki_supplement","ec7bfcbf-5dfb-4e82-b45b-b81c17d4b114","HOMUJE PROBIOTICS SOLID BEVERAGE(전량수출용)","nutrition","medical_source_and_type_review"
"HOLD","source_fields_required","fill_source_fields","new","wiki_supplement","ecad0d8c-c038-4358-a926-0ff2ed5b1b69","닥터에디션 리케어 플러스","nutrition|summary","medical_source_and_type_review"
"HOLD","source_fields_required","fill_source_fields","new","wiki_supplement","f0e68452-f866-430b-9e19-81f2a3491bea","더 웰빙 포스파티딜세린","nutrition|summary","medical_source_and_type_review"
"HOLD","source_fields_required","fill_source_fields","new","wiki_supplement","f1c264cd-366e-449a-ae3b-fdc11d239a9a","심플랩 비타민C 3000","nutrition|summary","medical_source_and_type_review"
"HOLD","source_fields_required","fill_source_fields","new","wiki_supplement","fc1236cd-82a5-47f8-afba-8ab2157ede66","로얄플러스멀티비타민","nutrition|summary","medical_source_and_type_review"
"HOLD","source_fields_required","fill_source_fields","new","wiki_supplement","ff324112-f9db-45d0-9c49-fa8b202b1db6","삼성 MSM 365 골드","nutrition|summary","medical_source_and_type_review"
"HOLD","source_fields_required","fill_source_fields","new","wiki_supplement","ff696342-121d-4fcf-9aef-b26086f3596e","멀티비타 K2","nutrition|summary","medical_source_and_type_review"
